Designator,Val,Package,MidX,MidY,Rotation,Layer
C1,0.1uF,C_0402_1005Metric,57.17,-80.13,0,top
C2,0.1uF,C_0402_1005Metric,71.75,-103.15,0,top
C3,0.1uF,C_0402_1005Metric,58.8,-104.67,180,top
C4,0.1uF,C_0402_1005Metric,71.68,-106.49,0,top
C5,0.1uF,C_0402_1005Metric,71.62,-104.94,0,top
C6,0.1uF,C_0402_1005Metric,71.77,-108.05,0,top
C7,0.1uF,C_0402_1005Metric,73.82,-80.03,0,top
C8,1uF,C_0402_1005Metric,70.97,-101.6,0,top
C9,0.1uF,C_0402_1005Metric,70.69,-100.26,0,top
C10,0.1uF,C_0402_1005Metric,59.99,-100.38,180,top
C11,0.1uF,C_0402_1005Metric,68.95,-98.94,0,top
C12,0.1uF,C_0402_1005Metric,68.87,-97.45,0,top
C13,0.1uF,C_0402_1005Metric,68.86,-96.04,0,top
C14,1uF,C_0402_1005Metric,70.92,-98.18,0,top
C15,10uF,C_0603_1608Metric,58.94,-77.98,90,top
C16,10uF,C_0603_1608Metric,59.68,-81.7,90,top
C17,33pF,C_0402_1005Metric,69.24,-112.18,-90,top
C18,33pF,C_0402_1005Metric,61.75,-112.27,90,top
C19,0.1uF,C_0402_1005Metric,69.99,-88.89,-90,top
J1,USB_C_Receptacle_USB2.0_14P,USB_C_Receptacle_HRO_TYPE-C-31-M-12,65.52,-72.34,180,top
J2,Conn_01x20,PinHeader_1x20_P2.54mm_Vertical,77.18,-71.03,0,top
J4,Conn_01x03,PinHeader_1x03_P2.54mm_Vertical,62.69,-119.02,90,top
J5,Conn_01x20,PinHeader_1x20_P2.54mm_Vertical,53.79,-71.04,0,top
R1,5.1k,R_0402_1005Metric,70.34,-78.47,0,top
R2,5.1k,R_0402_1005Metric,63.48,-78.61,0,top
R3,27,R_0402_1005Metric,66.96,-97.52,-90,top
R4,27,R_0402_1005Metric,65.94,-97.52,-90,top
R5,1K,R_0402_1005Metric,65.67,-109.89,0,top
R6,10K,R_0402_1005Metric,64.41,-97.11,-90,top
R7,1K,R_0402_1005Metric,61.89,-99.14,0,top
SW1,SW_Push,SW_Push_SPST_NO_Alps_SKRK,68.89,-92.17,180,top
U1,RP2040,QFN-56-1EP_7x7mm_P0.4mm_EP3.2x3.2mm,65.2525,-103.9,0,top
U2,NCP1117-3.3_SOT223,SOT-223-3_TabPin2,65.49,-82.87,0,top
U3,W25Q128JVS,SOIC-8_5.3x5.3mm_P1.27mm,59.77,-92.25,-90,top
Y1,12MHz,Crystal_SMD_3225-4Pin_3.2x2.5mm,65.3,-112.29,180,top